date,activity,duration,distance,type,user,age,gender,weight,location
01/01/2022,run,53.13,8.9,workout,88898,25,m,75.4,"Lodwar, KE"
01/01/2022,ride,1.68,49.94,workout,80572,49,m,75.4,"American Canyon, US"
01/01/2022,ride,1.94,53.13,workout,3209,43,m,57.9,"Hardenberg, NL"
01/01/2022,ride,1.0,24.15,workout,11053,23,f,59.8,"Vught, NL"
01/01/2022,run,43.1,8.83,workout,99720,16,f,56.7,?
01/01/2022,ride,1.38,44.06,workout,80370,32,m,63.5,?
01/01/2022,ride,1.54,40.88,workout,54130,16,f,60.1,"Losser, NL"
01/01/2022,run,61.07,9.01,workout,46740,16,m,78.7,?
01/01/2022,run,50.74,10.95,workout,42534,25,m,65.7,"Temse, BE"
01/01/2022,run,43.6,5.1,workout,98014,20,f,64.3,?
01/01/2022,run,57.97,7.55,workout,54976,27,m,78.2,"Lodwar, KE"
01/01/2022,run,37.09,9.04,workout,79805,23,f,52.3,?
01/01/2022,run,26.73,3.87,workout,54976,27,m,78.2,"Lodwar, KE"
01/01/2022,run,55.3,13.27,workout,31545,26,f,53.0,"Lodwar, KE"
01/01/2022,ride,1.31,32.92,workout,54295,17,m,81.6,?
01/01/2022,ride,1.66,41.59,workout,51748,33,f,47.7,"Hoogezand, NL"
01/01/2022,ride,1.67,43.19,workout,35144,16,f,71.1,?
01/01/2022,run,45.61,8.99,workout,45208,29,f,54.5,?
01/01/2022,ride,1.37,37.29,workout,86072,19,f,65.1,?
01/01/2022,run,37.48,4.72,workout,70187,19,m,75.4,?
01/01/2022,ride,1.96,36.37,workout,65938,25,f,56.1,"Westchester, US"
01/01/2022,run,34.6,7.71,workout,79805,23,f,52.3,?
01/01/2022,ride,1.29,34.38,workout,95410,47,m,70.9,"Hardenberg, NL"
01/01/2022,ride,0.75,21.08,workout,53697,28,f,55.6,?
01/01/2022,run,39.44,11.46,workout,46172,44,m,55.6,?
01/01/2022,run,32.04,7.63,workout,29353,22,f,48.1,?
01/01/2022,ride,1.45,40.72,workout,42767,20,m,73.4,"Hoogezand, NL"
01/01/2022,run,43.23,6.65,workout,1218,18,f,64.2,"Nyahururu, KE"
01/01/2022,run,77.06,11.37,workout,88898,25,m,75.4,"Lodwar, KE"
01/01/2022,ride,0.89,20.47,workout,29353,22,f,48.1,?
01/01/2022,ride,0.96,24.67,workout,14361,19,m,65.1,"Vught, NL"
01/01/2022,run,44.37,6.91,workout,38048,26,m,73.4,"Dumont, US"
01/01/2022,run,43.03,9.39,workout,69563,26,f,56.3,"Nyahururu, KE"
01/01/2022,run,43.36,10.35,workout,69563,26,f,56.3,"Nyahururu, KE"
01/01/2022,ride,0.99,23.89,workout,54130,16,f,60.1,"Losser, NL"
01/01/2022,ride,1.49,40.79,workout,48211,17,m,67.1,"Temse, BE"
01/01/2022,ride,1.76,60.94,workout,86839,24,m,73.4,?
01/01/2022,run,33.99,6.53,workout,89110,29,f,57.5,"Beveren, BE"
01/01/2022,run,35.45,5.47,workout,19464,24,f,63.8,"Busia, KE"
01/01/2022,ride,1.24,32.73,workout,16129,27,m,75.5,"Culemborg, NL"
01/01/2022,ride,1.18,33.77,workout,16129,27,m,75.5,"Culemborg, NL"
02/01/2022,run,42.02,6.3,workout,98471,26,m,75.7,"Nyahururu, KE"
02/01/2022,ride,1.11,29.5,workout,63589,28,m,72.3,"Barneveld, NL"
02/01/2022,run,53.22,11.61,workout,96531,19,m,66.5,"Denderleeuw, BE"
02/01/2022,run,37.55,7.17,workout,31400,33,f,57.1,?
02/01/2022,run,50.16,10.88,workout,45208,29,f,54.5,?
02/01/2022,run,48.24,11.38,workout,16080,22,f,55.1,"Nyahururu, KE"
02/01/2022,ride,1.64,46.52,workout,93860,16,f,62.9,?
02/01/2022,ride,1.47,38.96,workout,42534,25,m,65.7,"Temse, BE"
02/01/2022,run,44.09,7.5,workout,71893,25,m,70.4,"Wevelgem, BE"
02/01/2022,run,37.13,5.26,workout,3574,17,f,66.3,?
01/02/2022,ride,1.44,38.88,workout,86588,28,f,60.0,"Port Huron, US"
02/01/2022,run,42.3,7.34,workout,31436,24,f,61.0,"Nyahururu, KE"
02/01/2022,ride,1.54,52.54,workout,98609,28,m,70.5,"Zeist, NL"
02/01/2022,ride,1.27,25.99,workout,45208,29,f,54.5,?
02/01/2022,run,60.49,7.83,workout,54976,27,m,78.2,"Lodwar, KE"
02/01/2022,ride,2.16,65.64,workout,372,26,m,73.0,?
02/01/2022,run,46.07,6.27,workout,372,26,m,73.0,?
02/01/2022,run,42.27,9.16,workout,94694,23,f,57.6,"Nyahururu, KE"
02/01/2022,run,37.1,5.51,workout,372,26,m,73.0,?
02/01/2022,ride,1.03,27.0,workout,14361,19,m,65.1,"Vught, NL"
02/01/2022,ride,2.02,58.23,workout,58006,25,m,69.3,?
02/01/2022,run,32.8,6.78,workout,96531,19,m,66.5,"Denderleeuw, BE"
01/02/2022,run,43.55,5.94,workout,17769,26,f,67.5,"Gainesville, US"
02/01/2022,run,45.62,11.26,workout,69563,26,f,56.3,"Nyahururu, KE"
02/01/2022,ride,1.65,48.88,workout,57700,40,m,77.0,"Lille, BE"
02/01/2022,ride,2.04,47.11,workout,60057,22,f,54.3,"Losser, NL"
01/02/2022,ride,2.06,51.9,workout,39403,16,f,56.9,"Newburgh, US"
02/01/2022,run,59.06,7.55,workout,54976,27,m,78.2,"Lodwar, KE"
02/01/2022,ride,1.37,35.84,workout,89110,29,f,57.5,"Beveren, BE"
03/01/2022,run,57.77,7.61,workout,35144,16,f,71.1,?
03/01/2022,run,56.77,10.15,workout,30252,16,m,74.5,"Lodwar, KE"
03/01/2022,ride,1.5,37.09,workout,44062,27,f,67.9,"Temse, BE"
03/01/2022,run,54.37,9.83,workout,37692,17,f,61.7,"Nyahururu, KE"
03/01/2022,ride,1.95,62.42,workout,99618,22,m,74.3,?
03/01/2022,run,52.88,8.33,workout,19464,24,f,63.8,"Busia, KE"
03/01/2022,ride,0.71,16.84,workout,86072,19,f,65.1,?
01/03/2022,run,46.98,10.19,workout,65938,25,f,56.1,"Westchester, US"
03/01/2022,ride,1.59,33.96,workout,54130,16,f,60.1,"Losser, NL"
03/01/2022,run,29.4,4.3,workout,53529,42,m,72.2,?
03/01/2022,ride,1.52,46.29,workout,53529,42,m,72.2,?
03/01/2022,ride,1.79,43.85,workout,98014,20,f,64.3,?
03/01/2022,ride,1.17,31.49,workout,46172,44,m,55.6,?
01/03/2022,ride,1.41,44.96,workout,80572,49,m,75.4,"American Canyon, US"
03/01/2022,ride,1.84,51.15,workout,54130,16,f,60.1,"Losser, NL"
03/01/2022,run,37.41,5.99,workout,1218,18,f,64.2,"Nyahururu, KE"
03/01/2022,run,47.17,6.4,workout,46740,16,m,78.7,?
03/01/2022,ride,1.43,42.81,workout,95410,47,m,70.9,"Hardenberg, NL"
03/01/2022,ride,1.06,24.44,workout,11053,23,f,59.8,"Vught, NL"
03/01/2022,run,55.7,9.37,workout,53529,42,m,72.2,?
03/01/2022,ride,1.58,48.86,workout,11053,23,f,59.8,"Vught, NL"
03/01/2022,ride,1.33,31.04,workout,24587,25,f,65.4,?
03/01/2022,run,42.2,9.31,workout,69563,26,f,56.3,"Nyahururu, KE"
03/01/2022,ride,1.65,49.52,workout,63589,28,m,72.3,"Barneveld, NL"
04/01/2022,run,59.32,9.95,workout,53529,42,m,72.2,?
04/01/2022,ride,1.25,30.88,workout,11053,23,f,59.8,"Vught, NL"
04/01/2022,ride,1.98,48.24,workout,86072,19,f,65.1,?
04/01/2022,ride,1.18,31.25,workout,98609,28,m,70.5,"Zeist, NL"
04/01/2022,ride,2.02,60.48,workout,63589,28,m,72.3,"Barneveld, NL"
04/01/2022,ride,1.41,40.97,workout,16744,18,m,74.7,"Houthalen, BE"
04/01/2022,run,49.08,14.1,race,88306,28,m,66.1,"Lodwar, KE"
04/01/2022,run,52.31,9.27,workout,71893,25,m,70.4,"Wevelgem, BE"
04/01/2022,ride,1.64,38.29,workout,45208,29,f,54.5,?
04/01/2022,run,55.68,7.39,workout,57700,40,m,77.0,"Lille, BE"
01/04/2022,ride,1.52,37.28,workout,86588,28,f,60.0,"Port Huron, US"
04/01/2022,run,38.86,9.93,workout,49534,29,f,55.1,"Lodwar, KE"
04/01/2022,ride,1.42,36.7,workout,44062,27,f,67.9,"Temse, BE"
04/01/2022,ride,1.73,60.36,workout,80370,32,m,63.5,?
04/01/2022,ride,1.43,41.12,workout,46740,16,m,78.7,?
04/01/2022,ride,1.55,38.19,workout,79805,23,f,52.3,?
04/01/2022,run,61.39,11.28,race,12966,47,f,63.5,"Busia, KE"
04/01/2022,ride,1.03,29.43,workout,60057,22,f,54.3,"Losser, NL"
05/01/2022,run,44.81,6.27,workout,20259,28,m,77.7,"Busia, KE"
05/01/2022,run,47.75,6.44,workout,90315,36,f,64.9,?
01/05/2022,run,57.95,8.08,workout,36431,24,f,66.7,"Porterville, US"
05/01/2022,ride,1.38,41.39,workout,60021,19,m,69.7,"Tongelre, NL"
05/01/2022,ride,0.5,13.45,workout,80929,17,f,60.7,"Losser, NL"
05/01/2022,ride,1.96,60.1,workout,58041,23,f,62.7,?
05/01/2022,run,39.07,6.19,workout,58041,23,f,62.7,?
05/01/2022,ride,1.5,31.68,workout,58041,23,f,62.7,?
05/01/2022,run,48.48,8.54,workout,37692,17,f,61.7,"Nyahururu, KE"
05/01/2022,run,51.95,9.37,workout,30252,16,m,74.5,"Lodwar, KE"
05/01/2022,run,52.6,13.81,workout,31545,26,f,53.0,"Lodwar, KE"
05/01/2022,run,42.75,11.1,workout,29353,22,f,48.1,?
05/01/2022,ride,0.93,20.91,workout,51748,33,f,47.7,"Hoogezand, NL"
01/05/2022,ride,2.31,63.39,workout,38048,26,m,73.4,"Dumont, US"
05/01/2022,ride,1.16,31.45,workout,60057,22,f,54.3,"Losser, NL"
01/05/2022,ride,1.0,28.6,workout,86588,28,f,60.0,"Port Huron, US"
05/01/2022,ride,1.69,49.18,workout,24587,25,f,65.4,?
05/01/2022,ride,1.64,46.97,workout,3209,43,m,57.9,"Hardenberg, NL"
01/05/2022,ride,1.63,37.37,workout,39403,16,f,56.9,"Newburgh, US"
05/01/2022,run,34.86,8.4,workout,80370,32,m,63.5,?
05/01/2022,run,52.74,7.06,workout,54976,27,m,78.2,"Lodwar, KE"
05/01/2022,run,33.88,5.4,workout,1218,18,f,64.2,"Nyahururu, KE"
05/01/2022,ride,0.97,26.51,workout,63589,28,m,72.3,"Barneveld, NL"
05/01/2022,ride,1.2,33.19,workout,16129,27,m,75.5,"Culemborg, NL"
05/01/2022,run,30.65,6.22,workout,73011,23,m,68.3,?
05/01/2022,ride,1.1,27.41,workout,42767,20,m,73.4,"Hoogezand, NL"
05/01/2022,ride,0.99,30.83,workout,60021,19,m,69.7,"Tongelre, NL"
06/01/2022,run,34.27,4.56,workout,70187,19,m,75.4,?
01/06/2022,ride,1.81,52.89,workout,20314,18,f,54.2,"Punta Gorda Isles, US"
06/01/2022,ride,1.63,43.93,workout,3209,43,m,57.9,"Hardenberg, NL"
06/01/2022,run,63.03,8.4,workout,58224,16,m,77.5,"Nyahururu, KE"
01/06/2022,ride,1.42,39.04,workout,39403,16,f,56.9,"Newburgh, US"
06/01/2022,ride,1.05,29.53,workout,372,26,m,73.0,?
06/01/2022,ride,1.95,56.8,workout,60057,22,f,54.3,"Losser, NL"
06/01/2022,run,30.68,6.53,workout,34682,42,m,66.4,?
06/01/2022,run,41.83,6.95,workout,372,26,m,73.0,?
06/01/2022,run,32.9,5.89,workout,31436,24,f,61.0,"Nyahururu, KE"
06/01/2022,ride,1.07,37.0,workout,60021,19,m,69.7,"Tongelre, NL"
06/01/2022,ride,1.13,31.48,workout,54295,17,m,81.6,?
01/06/2022,run,45.33,7.59,workout,86588,28,f,60.0,"Port Huron, US"
06/01/2022,run,49.7,10.98,workout,42534,25,m,65.7,"Temse, BE"
06/01/2022,run,40.77,5.37,workout,54976,27,m,78.2,"Lodwar, KE"
06/01/2022,ride,1.12,23.93,workout,36230,28,f,61.7,?
06/01/2022,ride,1.48,40.57,workout,36230,28,f,61.7,?
06/01/2022,ride,1.29,31.66,workout,58041,23,f,62.7,?
06/01/2022,ride,1.66,49.18,workout,34666,24,m,69.9,?
06/01/2022,run,43.56,5.15,workout,3574,17,f,66.3,?
06/01/2022,ride,1.6,45.13,workout,41914,19,f,54.4,"Zeist, NL"
06/01/2022,run,40.37,6.42,workout,88898,25,m,75.4,"Lodwar, KE"
07/01/2022,ride,1.56,43.37,workout,96531,19,m,66.5,"Denderleeuw, BE"
07/01/2022,run,34.75,5.37,workout,93860,16,f,62.9,?
07/01/2022,run,45.37,7.97,workout,372,26,m,73.0,?
07/01/2022,ride,1.31,32.97,workout,85974,20,f,61.9,"Hoogezand, NL"
07/01/2022,run,55.65,8.51,workout,61065,16,f,64.7,"Nyahururu, KE"
01/07/2022,run,51.58,10.02,workout,39403,16,f,56.9,"Newburgh, US"
07/01/2022,run,55.13,7.06,workout,64688,22,f,63.3,?
07/01/2022,run,47.39,9.64,workout,24238,49,f,55.6,"Mouscron, BE"
07/01/2022,run,33.38,5.17,race,58041,23,f,62.7,?
07/01/2022,ride,1.49,40.91,workout,58041,23,f,62.7,?
07/01/2022,ride,1.32,32.74,workout,73342,22,f,59.8,?
07/01/2022,run,35.98,7.07,workout,49344,16,f,59.6,"Nyahururu, KE"
07/01/2022,ride,1.22,29.97,workout,85974,20,f,61.9,"Hoogezand, NL"
07/01/2022,run,47.47,8.97,workout,89110,29,f,57.5,"Beveren, BE"
07/01/2022,ride,2.11,48.59,workout,86072,19,f,65.1,?
07/01/2022,run,35.5,8.28,workout,42534,25,m,65.7,"Temse, BE"
07/01/2022,run,50.87,8.66,workout,83898,28,f,62.2,"Busia, KE"
07/01/2022,run,28.31,3.83,workout,54295,17,m,81.6,?
07/01/2022,ride,1.04,27.67,workout,16744,18,m,74.7,"Houthalen, BE"
07/01/2022,run,49.75,11.31,workout,34682,42,m,66.4,?
07/01/2022,run,57.3,7.86,workout,54976,27,m,78.2,"Lodwar, KE"
08/01/2022,ride,1.88,62.42,workout,3209,43,m,57.9,"Hardenberg, NL"
08/01/2022,ride,1.35,35.99,workout,11053,23,f,59.8,"Vught, NL"
08/01/2022,run,21.98,7.04,workout,46172,44,m,55.6,?
01/08/2022,run,52.46,11.22,race,39403,16,f,56.9,"Newburgh, US"
08/01/2022,run,40.03,10.26,workout,16080,22,f,55.1,"Nyahururu, KE"
08/01/2022,ride,2.02,54.4,workout,89110,29,f,57.5,"Beveren, BE"
08/01/2022,ride,1.83,48.69,workout,80929,17,f,60.7,"Losser, NL"
08/01/2022,ride,1.54,41.24,workout,99720,16,f,56.7,?
08/01/2022,ride,1.54,39.59,workout,85974,20,f,61.9,"Hoogezand, NL"
08/01/2022,ride,1.56,46.69,workout,11053,23,f,59.8,"Vught, NL"
08/01/2022,run,53.91,6.79,workout,54295,17,m,81.6,?
08/01/2022,ride,1.68,44.65,workout,80742,42,f,58.7,?
08/01/2022,run,51.1,12.31,race,80370,32,m,63.5,?
08/01/2022,run,28.67,4.25,workout,61065,16,f,64.7,"Nyahururu, KE"
08/01/2022,run,52.64,11.04,workout,40152,33,f,55.5,"Mouscron, BE"
08/01/2022,run,48.25,8.64,workout,83898,28,f,62.2,"Busia, KE"
01/08/2022,run,50.24,6.95,race,17769,26,f,67.5,"Gainesville, US"
08/01/2022,run,45.09,6.05,workout,70187,19,m,75.4,?
08/01/2022,ride,1.14,37.77,workout,98609,28,m,70.5,"Zeist, NL"
08/01/2022,run,44.2,6.52,workout,16744,18,m,74.7,"Houthalen, BE"
08/01/2022,ride,1.32,46.11,workout,46172,44,m,55.6,?
08/01/2022,ride,1.11,27.35,workout,98014,20,f,64.3,?
08/01/2022,run,51.92,10.06,workout,37692,17,f,61.7,"Nyahururu, KE"
08/01/2022,run,48.32,6.67,workout,98014,20,f,64.3,?
08/01/2022,ride,1.87,51.95,workout,70187,19,m,75.4,?
08/01/2022,run,44.35,5.77,workout,35144,16,f,71.1,?
01/08/2022,run,58.94,9.19,workout,56422,28,m,72.9,"Gates-North Gates, US"
01/08/2022,run,41.66,5.5,workout,17769,26,f,67.5,"Gainesville, US"
08/01/2022,run,60.83,11.24,workout,21170,27,f,60.0,"Nyahururu, KE"
08/01/2022,run,43.79,6.7,workout,1218,18,f,64.2,"Nyahururu, KE"
08/01/2022,ride,1.61,45.43,workout,46740,16,m,78.7,?
08/01/2022,ride,1.32,35.21,workout,85974,20,f,61.9,"Hoogezand, NL"
08/01/2022,run,58.25,8.44,workout,93860,16,f,62.9,?
08/01/2022,run,40.63,7.76,workout,96531,19,m,66.5,"Denderleeuw, BE"
01/08/2022,run,43.15,5.95,workout,36431,24,f,66.7,"Porterville, US"
08/01/2022,ride,1.67,38.27,workout,60057,22,f,54.3,"Losser, NL"
01/08/2022,run,36.36,6.2,workout,86588,28,f,60.0,"Port Huron, US"
08/01/2022,ride,1.35,32.98,workout,51748,33,f,47.7,"Hoogezand, NL"
08/01/2022,ride,1.19,37.74,workout,58006,25,m,69.3,?
08/01/2022,run,59.99,15.47,workout,12953,19,m,62.8,"Mouscron, BE"
09/01/2022,run,44.12,7.79,workout,48817,26,m,69.3,"Temse, BE"
09/01/2022,run,30.98,8.55,workout,88306,28,m,66.1,"Lodwar, KE"
09/01/2022,run,35.07,4.58,workout,35144,16,f,71.1,?
09/01/2022,ride,1.23,37.09,workout,31400,33,f,57.1,?
09/01/2022,ride,1.53,43.1,workout,80370,32,m,63.5,?
09/01/2022,run,52.21,10.59,workout,21170,27,f,60.0,"Nyahururu, KE"
09/01/2022,ride,1.24,28.53,workout,63589,28,m,72.3,"Barneveld, NL"
09/01/2022,ride,1.5,40.6,workout,72652,20,f,65.6,"Oldenzaal, NL"
09/01/2022,ride,1.41,36.87,workout,90315,36,f,64.9,?
09/01/2022,run,28.59,4.03,workout,68948,24,f,69.2,?
09/01/2022,ride,1.61,46.25,workout,42534,25,m,65.7,"Temse, BE"
09/01/2022,ride,1.61,51.17,workout,58006,25,m,69.3,?
01/09/2022,ride,1.75,47.89,workout,86588,28,f,60.0,"Port Huron, US"
09/01/2022,run,48.38,7.49,workout,372,26,m,73.0,?
09/01/2022,run,53.09,10.99,workout,21170,27,f,60.0,"Nyahururu, KE"
01/09/2022,ride,1.2,31.35,workout,36431,24,f,66.7,"Porterville, US"
09/01/2022,run,62.32,14.72,workout,96531,19,m,66.5,"Denderleeuw, BE"
09/01/2022,ride,1.49,43.04,workout,93860,16,f,62.9,?
09/01/2022,run,52.29,6.57,workout,54976,27,m,78.2,"Lodwar, KE"
09/01/2022,run,40.88,8.85,workout,95679,46,m,67.9,"Rixensart, BE"
09/01/2022,run,39.79,6.48,workout,88898,25,m,75.4,"Lodwar, KE"
09/01/2022,ride,1.36,35.0,workout,85974,20,f,61.9,"Hoogezand, NL"
09/01/2022,ride,1.6,39.06,workout,73342,22,f,59.8,?
09/01/2022,run,36.71,6.71,workout,31436,24,f,61.0,"Nyahururu, KE"
01/09/2022,run,34.27,5.26,workout,38048,26,m,73.4,"Dumont, US"
09/01/2022,run,44.77,8.74,race,31400,33,f,57.1,?
09/01/2022,ride,1.54,52.5,workout,3209,43,m,57.9,"Hardenberg, NL"
09/01/2022,run,32.58,4.0,workout,35144,16,f,71.1,?
10/01/2022,run,31.93,6.17,workout,73011,23,m,68.3,?
10/01/2022,run,41.74,6.06,workout,88898,25,m,75.4,"Lodwar, KE"
10/01/2022,run,50.19,8.33,workout,1218,18,f,64.2,"Nyahururu, KE"
10/01/2022,run,29.79,5.78,workout,21170,27,f,60.0,"Nyahururu, KE"
10/01/2022,ride,1.26,34.72,workout,372,26,m,73.0,?
10/01/2022,run,51.56,10.57,workout,34682,42,m,66.4,?
10/01/2022,run,37.54,6.66,workout,82189,29,f,60.4,?
10/01/2022,run,53.79,7.35,workout,70187,19,m,75.4,?
10/01/2022,run,43.59,7.92,workout,31400,33,f,57.1,?
01/10/2022,run,40.81,5.27,workout,17769,26,f,67.5,"Gainesville, US"
10/01/2022,ride,0.82,20.91,workout,39906,31,f,64.5,"Houthalen, BE"
10/01/2022,ride,1.27,28.66,workout,85423,16,f,64.4,?
10/01/2022,ride,1.45,43.92,workout,89110,29,f,57.5,"Beveren, BE"
10/01/2022,ride,1.61,47.49,workout,40152,33,f,55.5,"Mouscron, BE"
10/01/2022,run,44.25,6.24,race,35144,16,f,71.1,?
01/10/2022,ride,1.64,43.38,workout,80572,49,m,75.4,"American Canyon, US"
10/01/2022,run,74.63,17.61,workout,16080,22,f,55.1,"Nyahururu, KE"
10/01/2022,ride,1.26,35.76,workout,42767,20,m,73.4,"Hoogezand, NL"
11/01/2022,ride,1.17,30.6,workout,39906,31,f,64.5,"Houthalen, BE"
11/01/2022,run,51.18,8.6,workout,53529,42,m,72.2,?
11/01/2022,ride,1.39,41.59,workout,73342,22,f,59.8,?
11/01/2022,ride,1.14,31.65,workout,63589,28,m,72.3,"Barneveld, NL"
11/01/2022,run,51.05,7.73,workout,372,26,m,73.0,?
11/01/2022,run,46.29,11.14,workout,42534,25,m,65.7,"Temse, BE"
11/01/2022,ride,1.11,33.43,race,16744,18,m,74.7,"Houthalen, BE"
11/01/2022,run,59.14,9.87,workout,98471,26,m,75.7,"Nyahururu, KE"
11/01/2022,ride,1.58,45.56,workout,14361,19,m,65.1,"Vught, NL"
11/01/2022,run,49.34,8.26,race,99618,22,m,74.3,?
01/11/2022,run,52.71,7.1,workout,17769,26,f,67.5,"Gainesville, US"
11/01/2022,run,62.12,11.61,workout,31436,24,f,61.0,"Nyahururu, KE"
11/01/2022,run,43.25,6.04,workout,90315,36,f,64.9,?
11/01/2022,ride,0.72,19.92,workout,98609,28,m,70.5,"Zeist, NL"
11/01/2022,ride,1.85,57.57,workout,16744,18,m,74.7,"Houthalen, BE"
11/01/2022,run,69.8,9.39,workout,35144,16,f,71.1,?
11/01/2022,ride,2.0,60.62,workout,44062,27,f,67.9,"Temse, BE"
11/01/2022,ride,1.69,50.73,workout,57700,40,m,77.0,"Lille, BE"
11/01/2022,ride,1.12,34.77,workout,70735,21,m,75.2,?
01/11/2022,run,49.34,10.96,workout,65938,25,f,56.1,"Westchester, US"
11/01/2022,ride,1.58,44.8,workout,99618,22,m,74.3,?
12/01/2022,ride,1.67,49.75,workout,42767,20,m,73.4,"Hoogezand, NL"
01/12/2022,run,51.44,10.74,workout,20314,18,f,54.2,"Punta Gorda Isles, US"
12/01/2022,ride,1.81,55.8,workout,86839,24,m,73.4,?
12/01/2022,run,38.51,5.6,workout,99618,22,m,74.3,?
12/01/2022,ride,1.52,44.97,workout,16129,27,m,75.5,"Culemborg, NL"
12/01/2022,run,55.51,14.03,workout,16080,22,f,55.1,"Nyahururu, KE"
12/01/2022,run,33.42,7.7,workout,96531,19,m,66.5,"Denderleeuw, BE"
12/01/2022,run,43.44,5.85,workout,16744,18,m,74.7,"Houthalen, BE"
12/01/2022,run,39.12,6.75,workout,19464,24,f,63.8,"Busia, KE"
12/01/2022,ride,1.33,29.55,workout,72652,20,f,65.6,"Oldenzaal, NL"
12/01/2022,ride,2.04,69.09,workout,372,26,m,73.0,?
12/01/2022,run,48.05,6.72,workout,70735,21,m,75.2,?
12/01/2022,run,33.95,6.49,workout,31436,24,f,61.0,"Nyahururu, KE"
12/01/2022,run,36.2,4.91,workout,68948,24,f,69.2,?
01/12/2022,run,39.32,5.21,workout,80572,49,m,75.4,"American Canyon, US"
12/01/2022,ride,1.18,31.99,workout,95410,47,m,70.9,"Hardenberg, NL"
13/01/2022,run,48.19,6.04,workout,20259,28,m,77.7,"Busia, KE"
13/01/2022,ride,1.35,35.02,workout,72652,20,f,65.6,"Oldenzaal, NL"
13/01/2022,run,48.63,7.88,workout,98471,26,m,75.7,"Nyahururu, KE"
13/01/2022,run,36.92,7.22,workout,40152,33,f,55.5,"Mouscron, BE"
13/01/2022,ride,1.22,37.27,workout,82189,29,f,60.4,?
13/01/2022,run,44.6,5.41,workout,70187,19,m,75.4,?
13/01/2022,run,50.66,9.86,workout,21170,27,f,60.0,"Nyahururu, KE"
13/01/2022,run,55.28,11.9,workout,21170,27,f,60.0,"Nyahururu, KE"
01/13/2022,run,51.53,8.59,workout,86588,28,f,60.0,"Port Huron, US"
13/01/2022,run,63.13,15.08,workout,69563,26,f,56.3,"Nyahururu, KE"
13/01/2022,run,61.32,12.46,workout,99720,16,f,56.7,?
13/01/2022,ride,1.6,42.73,workout,60021,19,m,69.7,"Tongelre, NL"
13/01/2022,ride,1.51,45.1,workout,85974,20,f,61.9,"Hoogezand, NL"
13/01/2022,ride,1.5,43.67,workout,14361,19,m,65.1,"Vught, NL"
13/01/2022,ride,0.88,20.2,workout,40152,33,f,55.5,"Mouscron, BE"
13/01/2022,ride,2.06,52.31,workout,11053,23,f,59.8,"Vught, NL"
13/01/2022,ride,1.76,50.35,workout,31400,33,f,57.1,?
13/01/2022,run,43.01,5.78,workout,57700,40,m,77.0,"Lille, BE"
13/01/2022,run,41.59,6.02,workout,73342,22,f,59.8,?
13/01/2022,run,31.42,8.51,workout,49534,29,f,55.1,"Lodwar, KE"
13/01/2022,ride,0.8,17.54,workout,64688,22,f,63.3,?
13/01/2022,ride,1.36,36.88,workout,98609,28,m,70.5,"Zeist, NL"
14/01/2022,run,19.58,4.01,workout,49344,16,f,59.6,"Nyahururu, KE"
14/01/2022,ride,1.07,28.63,race,95410,47,m,70.9,"Hardenberg, NL"
14/01/2022,run,47.07,9.42,workout,24238,49,f,55.6,"Mouscron, BE"
14/01/2022,ride,1.67,50.54,race,41914,19,f,54.4,"Zeist, NL"
14/01/2022,ride,1.28,32.66,workout,79805,23,f,52.3,?
14/01/2022,ride,1.62,49.73,workout,73342,22,f,59.8,?
14/01/2022,run,48.26,11.99,workout,49534,29,f,55.1,"Lodwar, KE"
14/01/2022,run,45.86,7.0,race,99618,22,m,74.3,?
01/14/2022,run,50.02,8.03,workout,38048,26,m,73.4,"Dumont, US"
14/01/2022,ride,0.6,15.63,workout,3574,17,f,66.3,?
14/01/2022,ride,1.64,48.45,workout,70187,19,m,75.4,?
14/01/2022,ride,1.61,43.3,workout,73342,22,f,59.8,?
14/01/2022,ride,1.29,32.77,workout,90315,36,f,64.9,?
01/14/2022,run,37.51,7.56,workout,65938,25,f,56.1,"Westchester, US"
14/01/2022,ride,1.33,36.13,workout,48211,17,m,67.1,"Temse, BE"
14/01/2022,run,32.26,5.87,workout,37692,17,f,61.7,"Nyahururu, KE"
14/01/2022,ride,1.34,33.28,workout,60057,22,f,54.3,"Losser, NL"
14/01/2022,ride,1.53,36.33,workout,68948,24,f,69.2,?
15/01/2022,run,50.47,6.81,race,35144,16,f,71.1,?
15/01/2022,ride,1.12,30.33,workout,61784,29,f,68.0,"Vught, NL"
15/01/2022,run,44.2,7.98,workout,37692,17,f,61.7,"Nyahururu, KE"
15/01/2022,run,48.61,8.44,workout,98379,25,f,59.0,"Beveren, BE"
15/01/2022,run,36.09,6.97,workout,48817,26,m,69.3,"Temse, BE"
15/01/2022,ride,1.64,47.27,workout,60021,19,m,69.7,"Tongelre, NL"
15/01/2022,run,64.35,11.07,workout,12966,47,f,63.5,"Busia, KE"
15/01/2022,ride,1.29,32.73,workout,63589,28,m,72.3,"Barneveld, NL"
01/15/2022,run,57.68,10.2,workout,65938,25,f,56.1,"Westchester, US"
15/01/2022,ride,0.97,29.83,race,86072,19,f,65.1,?
15/01/2022,run,54.75,7.39,workout,98471,26,m,75.7,"Nyahururu, KE"
15/01/2022,ride,1.91,45.52,workout,70187,19,m,75.4,?
15/01/2022,ride,1.55,38.06,workout,68948,24,f,69.2,?
15/01/2022,ride,1.31,35.5,race,48817,26,m,69.3,"Temse, BE"
15/01/2022,run,40.62,6.61,workout,61065,16,f,64.7,"Nyahururu, KE"
15/01/2022,ride,1.24,32.67,workout,86072,19,f,65.1,?
15/01/2022,run,40.18,10.73,workout,88306,28,m,66.1,"Lodwar, KE"
15/01/2022,run,66.15,9.75,workout,19464,24,f,63.8,"Busia, KE"
01/15/2022,ride,1.97,51.15,workout,36431,24,f,66.7,"Porterville, US"
01/15/2022,run,73.04,10.21,workout,17769,26,f,67.5,"Gainesville, US"
01/15/2022,run,50.01,6.71,workout,36431,24,f,66.7,"Porterville, US"
15/01/2022,run,61.63,8.22,workout,86839,24,m,73.4,?
15/01/2022,ride,1.72,52.24,workout,48211,17,m,67.1,"Temse, BE"
15/01/2022,ride,1.86,53.7,race,86072,19,f,65.1,?
15/01/2022,run,52.9,13.31,workout,88306,28,m,66.1,"Lodwar, KE"
01/15/2022,run,49.26,8.21,workout,56422,28,m,72.9,"Gates-North Gates, US"
15/01/2022,run,41.84,5.24,workout,98014,20,f,64.3,?
15/01/2022,run,49.64,10.39,workout,31400,33,f,57.1,?
15/01/2022,ride,1.55,42.28,workout,73011,23,m,68.3,?
01/15/2022,run,53.44,6.76,workout,80572,49,m,75.4,"American Canyon, US"
15/01/2022,run,64.19,13.86,workout,24238,49,f,55.6,"Mouscron, BE"
15/01/2022,run,26.65,4.05,workout,90315,36,f,64.9,?
15/01/2022,run,41.67,5.49,workout,58041,23,f,62.7,?
15/01/2022,run,42.3,8.45,workout,49344,16,f,59.6,"Nyahururu, KE"
15/01/2022,ride,1.51,41.8,workout,42767,20,m,73.4,"Hoogezand, NL"
16/01/2022,run,49.8,12.29,workout,49534,29,f,55.1,"Lodwar, KE"
01/16/2022,run,45.87,6.19,workout,17769,26,f,67.5,"Gainesville, US"
16/01/2022,run,39.57,4.93,workout,54295,17,m,81.6,?
16/01/2022,run,28.61,5.18,workout,31436,24,f,61.0,"Nyahururu, KE"
16/01/2022,ride,1.23,37.31,workout,71893,25,m,70.4,"Wevelgem, BE"
16/01/2022,ride,1.79,42.68,workout,41914,19,f,54.4,"Zeist, NL"
16/01/2022,ride,1.11,31.32,workout,54130,16,f,60.1,"Losser, NL"
16/01/2022,run,51.37,11.24,workout,48211,17,m,67.1,"Temse, BE"
16/01/2022,ride,1.62,43.13,workout,41914,19,f,54.4,"Zeist, NL"
01/16/2022,ride,1.41,37.54,workout,86588,28,f,60.0,"Port Huron, US"
16/01/2022,run,35.42,4.52,workout,44062,27,f,67.9,"Temse, BE"
16/01/2022,ride,1.56,34.87,workout,98014,20,f,64.3,?
16/01/2022,run,37.91,7.09,workout,48817,26,m,69.3,"Temse, BE"
16/01/2022,run,54.21,11.8,workout,21170,27,f,60.0,"Nyahururu, KE"
16/01/2022,ride,1.74,43.36,workout,63589,28,m,72.3,"Barneveld, NL"
16/01/2022,run,52.53,8.35,workout,61065,16,f,64.7,"Nyahururu, KE"
16/01/2022,ride,0.74,22.02,workout,372,26,m,73.0,?
16/01/2022,ride,1.92,51.79,workout,53697,28,f,55.6,?
16/01/2022,run,37.33,4.73,workout,54295,17,m,81.6,?
16/01/2022,ride,1.05,26.98,workout,46172,44,m,55.6,?
16/01/2022,run,17.77,2.86,workout,98471,26,m,75.7,"Nyahururu, KE"
16/01/2022,ride,1.58,40.8,workout,44062,27,f,67.9,"Temse, BE"
16/01/2022,ride,1.93,47.48,workout,11053,23,f,59.8,"Vught, NL"
16/01/2022,ride,1.45,33.01,workout,12953,19,m,62.8,"Mouscron, BE"
16/01/2022,run,56.22,9.23,workout,12966,47,f,63.5,"Busia, KE"
16/01/2022,ride,1.93,56.42,workout,70187,19,m,75.4,?
16/01/2022,ride,1.32,35.95,workout,16744,18,m,74.7,"Houthalen, BE"
01/16/2022,ride,1.44,36.87,workout,56422,28,m,72.9,"Gates-North Gates, US"
16/01/2022,ride,1.45,38.79,workout,98609,28,m,70.5,"Zeist, NL"
01/16/2022,run,45.69,8.97,workout,65938,25,f,56.1,"Westchester, US"
16/01/2022,run,49.48,8.29,workout,19464,24,f,63.8,"Busia, KE"
16/01/2022,ride,1.86,50.76,workout,40152,33,f,55.5,"Mouscron, BE"
16/01/2022,ride,1.33,38.44,workout,99618,22,m,74.3,?
16/01/2022,ride,1.53,42.15,workout,46740,16,m,78.7,?
16/01/2022,ride,1.89,46.24,workout,58041,23,f,62.7,?
16/01/2022,run,51.16,14.37,workout,29353,22,f,48.1,?
17/01/2022,ride,1.33,34.46,workout,46740,16,m,78.7,?
01/17/2022,run,41.62,6.58,workout,56422,28,m,72.9,"Gates-North Gates, US"
17/01/2022,ride,1.43,41.76,workout,86839,24,m,73.4,?
17/01/2022,run,48.71,6.8,workout,85423,16,f,64.4,?
17/01/2022,run,34.53,4.73,race,35144,16,f,71.1,?
17/01/2022,ride,0.85,19.79,workout,89110,29,f,57.5,"Beveren, BE"
17/01/2022,run,38.18,11.51,race,31545,26,f,53.0,"Lodwar, KE"
17/01/2022,ride,2.21,54.46,workout,61784,29,f,68.0,"Vught, NL"
17/01/2022,ride,0.82,17.6,workout,89110,29,f,57.5,"Beveren, BE"
17/01/2022,ride,1.26,33.27,workout,29353,22,f,48.1,?
17/01/2022,run,40.64,6.81,workout,36230,28,f,61.7,?
17/01/2022,run,30.93,4.3,workout,35144,16,f,71.1,?
17/01/2022,ride,1.83,47.51,workout,3574,17,f,66.3,?
17/01/2022,run,31.83,5.67,workout,83898,28,f,62.2,"Busia, KE"
17/01/2022,ride,1.64,39.52,workout,53697,28,f,55.6,?
17/01/2022,run,58.29,10.49,workout,19464,24,f,63.8,"Busia, KE"
17/01/2022,run,45.4,8.33,workout,83898,28,f,62.2,"Busia, KE"
01/17/2022,ride,1.27,32.19,workout,17769,26,f,67.5,"Gainesville, US"
17/01/2022,run,38.85,5.85,workout,86839,24,m,73.4,?
17/01/2022,run,60.65,9.88,workout,98471,26,m,75.7,"Nyahururu, KE"
17/01/2022,run,23.88,2.99,workout,35144,16,f,71.1,?
17/01/2022,run,35.32,5.18,workout,99618,22,m,74.3,?
17/01/2022,ride,2.0,61.07,workout,85974,20,f,61.9,"Hoogezand, NL"
18/01/2022,run,57.39,8.35,workout,58224,16,m,77.5,"Nyahururu, KE"
18/01/2022,run,58.25,12.29,workout,45208,29,f,54.5,?
18/01/2022,ride,1.64,44.61,workout,48211,17,m,67.1,"Temse, BE"
18/01/2022,ride,1.36,37.63,workout,85423,16,f,64.4,?
18/01/2022,run,47.97,7.76,workout,88898,25,m,75.4,"Lodwar, KE"
18/01/2022,run,55.91,6.85,workout,20259,28,m,77.7,"Busia, KE"
18/01/2022,ride,1.18,34.15,workout,82189,29,f,60.4,?
18/01/2022,ride,1.95,43.19,workout,45208,29,f,54.5,?
18/01/2022,ride,1.4,31.51,workout,39906,31,f,64.5,"Houthalen, BE"
18/01/2022,ride,1.56,47.99,workout,63589,28,m,72.3,"Barneveld, NL"
18/01/2022,run,41.01,7.73,race,99720,16,f,56.7,?
18/01/2022,run,50.76,7.56,workout,61065,16,f,64.7,"Nyahururu, KE"
18/01/2022,run,42.63,8.54,workout,48817,26,m,69.3,"Temse, BE"
18/01/2022,ride,1.22,33.64,workout,51748,33,f,47.7,"Hoogezand, NL"
18/01/2022,ride,2.55,71.49,workout,68948,24,f,69.2,?
18/01/2022,ride,1.7,39.72,workout,90315,36,f,64.9,?
18/01/2022,ride,1.94,49.56,workout,16744,18,m,74.7,"Houthalen, BE"
18/01/2022,run,58.35,9.41,workout,1218,18,f,64.2,"Nyahururu, KE"
18/01/2022,ride,1.52,46.02,workout,3574,17,f,66.3,?
01/19/2022,run,42.23,8.5,workout,65938,25,f,56.1,"Westchester, US"
19/01/2022,run,39.85,5.89,workout,16744,18,m,74.7,"Houthalen, BE"
19/01/2022,run,40.1,4.87,workout,3574,17,f,66.3,?
19/01/2022,ride,0.81,19.88,workout,35144,16,f,71.1,?
19/01/2022,ride,0.98,25.36,workout,85974,20,f,61.9,"Hoogezand, NL"
19/01/2022,ride,1.41,32.07,workout,29353,22,f,48.1,?
19/01/2022,ride,1.39,46.53,workout,12953,19,m,62.8,"Mouscron, BE"
19/01/2022,ride,1.61,43.08,workout,98379,25,f,59.0,"Beveren, BE"
19/01/2022,ride,1.62,39.56,workout,54130,16,f,60.1,"Losser, NL"
19/01/2022,run,34.66,5.67,workout,88898,25,m,75.4,"Lodwar, KE"
19/01/2022,run,44.46,6.81,workout,88898,25,m,75.4,"Lodwar, KE"
19/01/2022,ride,1.56,45.41,workout,3209,43,m,57.9,"Hardenberg, NL"
19/01/2022,run,56.37,11.92,workout,94694,23,f,57.6,"Nyahururu, KE"
19/01/2022,ride,1.89,49.37,race,60057,22,f,54.3,"Losser, NL"
19/01/2022,run,39.8,5.11,workout,46740,16,m,78.7,?
19/01/2022,ride,1.55,42.96,workout,42767,20,m,73.4,"Hoogezand, NL"
19/01/2022,run,25.92,5.64,workout,79805,23,f,52.3,?
19/01/2022,run,28.5,4.63,workout,30252,16,m,74.5,"Lodwar, KE"
19/01/2022,ride,1.85,51.5,workout,60021,19,m,69.7,"Tongelre, NL"
19/01/2022,ride,1.72,54.0,workout,34666,24,m,69.9,?
20/01/2022,ride,1.16,33.86,workout,80370,32,m,63.5,?
20/01/2022,ride,1.58,48.1,workout,54130,16,f,60.1,"Losser, NL"
20/01/2022,ride,1.26,40.71,workout,70187,19,m,75.4,?
20/01/2022,ride,1.65,40.91,workout,39906,31,f,64.5,"Houthalen, BE"
20/01/2022,run,31.48,6.89,workout,48211,17,m,67.1,"Temse, BE"
20/01/2022,run,46.19,10.55,workout,96531,19,m,66.5,"Denderleeuw, BE"
20/01/2022,ride,2.19,51.84,workout,36230,28,f,61.7,?
20/01/2022,run,53.83,12.94,workout,69563,26,f,56.3,"Nyahururu, KE"
20/01/2022,run,35.07,8.46,workout,12953,19,m,62.8,"Mouscron, BE"
20/01/2022,run,48.09,9.29,workout,34666,24,m,69.9,?
20/01/2022,run,55.9,7.03,workout,86072,19,f,65.1,?
20/01/2022,ride,1.6,46.08,workout,16744,18,m,74.7,"Houthalen, BE"
20/01/2022,run,44.63,8.1,workout,30252,16,m,74.5,"Lodwar, KE"
20/01/2022,run,58.65,7.49,workout,70735,21,m,75.2,?
20/01/2022,ride,1.95,56.0,workout,98379,25,f,59.0,"Beveren, BE"
20/01/2022,run,34.35,8.14,workout,69563,26,f,56.3,"Nyahururu, KE"
20/01/2022,ride,1.26,37.55,workout,70187,19,m,75.4,?
20/01/2022,run,38.2,5.43,race,85423,16,f,64.4,?
21/01/2022,ride,2.03,56.78,workout,86839,24,m,73.4,?
21/01/2022,ride,1.7,50.69,workout,98014,20,f,64.3,?
21/01/2022,ride,1.5,44.63,workout,58006,25,m,69.3,?
21/01/2022,ride,1.86,60.3,workout,57700,40,m,77.0,"Lille, BE"
21/01/2022,ride,1.35,32.73,workout,64688,22,f,63.3,?
21/01/2022,run,57.36,8.31,workout,58041,23,f,62.7,?
21/01/2022,ride,1.95,45.57,workout,85423,16,f,64.4,?
21/01/2022,ride,1.68,47.08,workout,72652,20,f,65.6,"Oldenzaal, NL"
21/01/2022,run,55.24,10.91,workout,48211,17,m,67.1,"Temse, BE"
21/01/2022,ride,1.61,59.31,race,60021,19,m,69.7,"Tongelre, NL"
21/01/2022,run,51.63,7.26,workout,54976,27,m,78.2,"Lodwar, KE"
01/21/2022,run,42.2,5.41,workout,17769,26,f,67.5,"Gainesville, US"
21/01/2022,ride,1.33,38.53,workout,79805,23,f,52.3,?
21/01/2022,ride,0.94,25.26,workout,46740,16,m,78.7,?
21/01/2022,ride,1.55,48.03,workout,73011,23,m,68.3,?
21/01/2022,run,42.62,5.39,workout,35144,16,f,71.1,?
01/21/2022,run,69.94,9.14,workout,36431,24,f,66.7,"Porterville, US"
21/01/2022,ride,1.61,44.43,workout,42767,20,m,73.4,"Hoogezand, NL"
21/01/2022,run,77.11,12.36,workout,372,26,m,73.0,?
22/01/2022,ride,1.68,47.25,workout,29353,22,f,48.1,?
22/01/2022,ride,1.46,41.96,workout,53529,42,m,72.2,?
22/01/2022,ride,1.86,54.65,workout,16744,18,m,74.7,"Houthalen, BE"
22/01/2022,run,61.81,15.4,workout,49534,29,f,55.1,"Lodwar, KE"
22/01/2022,ride,1.6,44.63,workout,57700,40,m,77.0,"Lille, BE"
22/01/2022,ride,1.98,59.24,workout,60021,19,m,69.7,"Tongelre, NL"
01/22/2022,run,33.05,4.1,workout,80572,49,m,75.4,"American Canyon, US"
22/01/2022,run,52.63,10.69,workout,58006,25,m,69.3,?
22/01/2022,run,49.85,13.16,race,94694,23,f,57.6,"Nyahururu, KE"
22/01/2022,ride,1.66,49.37,workout,48211,17,m,67.1,"Temse, BE"
22/01/2022,ride,1.11,29.95,workout,63589,28,m,72.3,"Barneveld, NL"
22/01/2022,ride,1.45,37.14,workout,16129,27,m,75.5,"Culemborg, NL"
01/22/2022,ride,1.49,41.01,workout,80572,49,m,75.4,"American Canyon, US"
22/01/2022,run,39.47,7.82,workout,99720,16,f,56.7,?
22/01/2022,run,43.46,6.67,race,54976,27,m,78.2,"Lodwar, KE"
22/01/2022,ride,1.21,37.89,workout,73011,23,m,68.3,?
22/01/2022,run,37.89,5.09,workout,90315,36,f,64.9,?
22/01/2022,ride,1.55,40.35,workout,80370,32,m,63.5,?
22/01/2022,run,44.53,7.86,workout,83898,28,f,62.2,"Busia, KE"
22/01/2022,ride,1.53,43.17,workout,54295,17,m,81.6,?
22/01/2022,ride,2.03,55.24,workout,372,26,m,73.0,?
22/01/2022,run,62.08,8.09,workout,68948,24,f,69.2,?
22/01/2022,run,31.64,4.23,workout,86072,19,f,65.1,?
22/01/2022,run,47.09,6.09,workout,68948,24,f,69.2,?
22/01/2022,ride,1.58,40.28,workout,71893,25,m,70.4,"Wevelgem, BE"
22/01/2022,run,33.58,7.41,workout,40152,33,f,55.5,"Mouscron, BE"
22/01/2022,ride,1.57,33.46,workout,11053,23,f,59.8,"Vught, NL"
22/01/2022,run,33.04,5.38,workout,98471,26,m,75.7,"Nyahururu, KE"
22/01/2022,run,40.66,5.78,workout,99618,22,m,74.3,?
22/01/2022,ride,1.15,28.71,workout,80929,17,f,60.7,"Losser, NL"
22/01/2022,run,39.35,5.12,workout,58224,16,m,77.5,"Nyahururu, KE"
22/01/2022,ride,1.61,56.59,workout,60021,19,m,69.7,"Tongelre, NL"
22/01/2022,run,37.42,6.81,workout,34666,24,m,69.9,?
22/01/2022,ride,1.8,39.23,workout,99720,16,f,56.7,?
22/01/2022,run,50.45,8.63,workout,19464,24,f,63.8,"Busia, KE"
23/01/2022,ride,1.92,58.06,workout,46172,44,m,55.6,?
23/01/2022,ride,1.58,47.54,workout,96531,19,m,66.5,"Denderleeuw, BE"
23/01/2022,ride,0.72,17.07,workout,60057,22,f,54.3,"Losser, NL"
23/01/2022,run,38.67,5.49,workout,61065,16,f,64.7,"Nyahururu, KE"
23/01/2022,ride,1.61,39.26,race,80929,17,f,60.7,"Losser, NL"
23/01/2022,ride,1.8,53.96,workout,31400,33,f,57.1,?
23/01/2022,ride,2.2,61.65,workout,90315,36,f,64.9,?
23/01/2022,ride,1.66,45.51,workout,53697,28,f,55.6,?
23/01/2022,ride,2.05,51.95,workout,60021,19,m,69.7,"Tongelre, NL"
01/23/2022,run,63.02,8.56,workout,17769,26,f,67.5,"Gainesville, US"
23/01/2022,ride,1.53,36.32,workout,61784,29,f,68.0,"Vught, NL"
23/01/2022,ride,1.25,33.65,workout,29353,22,f,48.1,?
23/01/2022,run,51.12,9.76,workout,96531,19,m,66.5,"Denderleeuw, BE"
23/01/2022,ride,1.61,40.45,race,45208,29,f,54.5,?
01/23/2022,run,36.6,4.8,workout,36431,24,f,66.7,"Porterville, US"
23/01/2022,ride,1.85,56.42,workout,372,26,m,73.0,?
23/01/2022,ride,1.61,53.83,race,70735,21,m,75.2,?
23/01/2022,run,29.48,5.14,workout,73342,22,f,59.8,?
23/01/2022,run,40.71,5.37,workout,85423,16,f,64.4,?
23/01/2022,run,42.93,12.06,workout,31545,26,f,53.0,"Lodwar, KE"
23/01/2022,ride,1.9,52.97,workout,11053,23,f,59.8,"Vught, NL"
23/01/2022,run,32.49,5.55,workout,372,26,m,73.0,?
23/01/2022,ride,1.7,43.78,workout,85423,16,f,64.4,?
23/01/2022,ride,1.11,34.39,workout,16129,27,m,75.5,"Culemborg, NL"
23/01/2022,run,26.84,5.0,workout,31436,24,f,61.0,"Nyahururu, KE"
23/01/2022,ride,1.55,41.11,workout,40152,33,f,55.5,"Mouscron, BE"
23/01/2022,run,52.67,8.08,workout,98471,26,m,75.7,"Nyahururu, KE"
23/01/2022,run,48.42,12.33,workout,88306,28,m,66.1,"Lodwar, KE"
23/01/2022,ride,1.61,43.5,workout,98014,20,f,64.3,?
24/01/2022,run,42.89,5.77,workout,46740,16,m,78.7,?
24/01/2022,run,41.05,6.22,workout,58224,16,m,77.5,"Nyahururu, KE"
24/01/2022,ride,1.72,56.05,workout,98609,28,m,70.5,"Zeist, NL"
24/01/2022,run,64.04,12.6,workout,31436,24,f,61.0,"Nyahururu, KE"
24/01/2022,ride,1.25,28.86,workout,11053,23,f,59.8,"Vught, NL"
24/01/2022,run,47.08,7.56,workout,1218,18,f,64.2,"Nyahururu, KE"
24/01/2022,run,38.59,6.67,workout,80742,42,f,58.7,?
24/01/2022,ride,1.2,27.48,workout,35144,16,f,71.1,?
24/01/2022,ride,1.69,44.87,workout,40152,33,f,55.5,"Mouscron, BE"
24/01/2022,run,42.92,6.33,workout,3574,17,f,66.3,?
24/01/2022,ride,1.46,41.43,workout,34682,42,m,66.4,?
24/01/2022,ride,1.62,38.58,workout,73342,22,f,59.8,?
24/01/2022,ride,1.28,29.05,workout,85974,20,f,61.9,"Hoogezand, NL"
25/01/2022,run,27.95,4.67,workout,88898,25,m,75.4,"Lodwar, KE"
25/01/2022,ride,1.53,43.69,workout,61784,29,f,68.0,"Vught, NL"
25/01/2022,run,45.69,7.74,workout,82189,29,f,60.4,?
25/01/2022,ride,1.79,43.05,workout,44062,27,f,67.9,"Temse, BE"
25/01/2022,run,57.37,11.09,workout,73011,23,m,68.3,?
25/01/2022,run,38.94,7.47,workout,99720,16,f,56.7,?
25/01/2022,run,39.85,6.66,workout,12966,47,f,63.5,"Busia, KE"
25/01/2022,run,47.51,6.69,workout,99618,22,m,74.3,?
25/01/2022,run,49.3,6.61,workout,46740,16,m,78.7,?
25/01/2022,run,30.11,6.36,workout,53697,28,f,55.6,?
25/01/2022,run,40.52,6.71,workout,12966,47,f,63.5,"Busia, KE"
25/01/2022,ride,1.36,38.24,workout,56556,31,m,72.7,"Mouscron, BE"
25/01/2022,ride,1.75,44.11,workout,85974,20,f,61.9,"Hoogezand, NL"
25/01/2022,ride,2.18,52.33,workout,71893,25,m,70.4,"Wevelgem, BE"
25/01/2022,run,36.93,5.97,workout,61065,16,f,64.7,"Nyahururu, KE"
25/01/2022,run,43.57,5.8,workout,57700,40,m,77.0,"Lille, BE"
01/25/2022,ride,1.61,48.88,workout,17769,26,f,67.5,"Gainesville, US"
25/01/2022,ride,1.53,51.92,workout,63589,28,m,72.3,"Barneveld, NL"
01/25/2022,run,48.21,9.47,workout,39403,16,f,56.9,"Newburgh, US"
25/01/2022,run,50.07,8.23,workout,88898,25,m,75.4,"Lodwar, KE"
25/01/2022,run,46.96,6.95,workout,16744,18,m,74.7,"Houthalen, BE"
25/01/2022,ride,1.14,29.02,workout,86072,19,f,65.1,?
25/01/2022,ride,1.58,36.41,workout,14361,19,m,65.1,"Vught, NL"
26/01/2022,ride,1.79,54.83,workout,42767,20,m,73.4,"Hoogezand, NL"
26/01/2022,run,57.39,6.96,workout,20259,28,m,77.7,"Busia, KE"
26/01/2022,ride,1.47,36.49,workout,39906,31,f,64.5,"Houthalen, BE"
26/01/2022,run,42.36,6.92,workout,88898,25,m,75.4,"Lodwar, KE"
26/01/2022,run,42.77,5.74,workout,35144,16,f,71.1,?
26/01/2022,ride,1.13,22.6,workout,57700,40,m,77.0,"Lille, BE"
26/01/2022,run,59.32,8.53,workout,54976,27,m,78.2,"Lodwar, KE"
26/01/2022,run,56.57,12.75,workout,49344,16,f,59.6,"Nyahururu, KE"
26/01/2022,run,47.79,6.82,workout,57700,40,m,77.0,"Lille, BE"
26/01/2022,run,48.23,12.64,workout,16080,22,f,55.1,"Nyahururu, KE"
26/01/2022,run,48.78,8.41,workout,30252,16,m,74.5,"Lodwar, KE"
26/01/2022,run,47.46,8.2,workout,53529,42,m,72.2,?
26/01/2022,ride,1.08,24.97,workout,39906,31,f,64.5,"Houthalen, BE"
26/01/2022,run,33.01,4.2,workout,3574,17,f,66.3,?
01/26/2022,ride,1.71,49.63,workout,86588,28,f,60.0,"Port Huron, US"
26/01/2022,run,45.77,8.64,workout,37692,17,f,61.7,"Nyahururu, KE"
26/01/2022,run,34.41,5.24,workout,372,26,m,73.0,?
26/01/2022,run,56.21,12.5,workout,42534,25,m,65.7,"Temse, BE"
26/01/2022,ride,1.79,41.23,workout,51748,33,f,47.7,"Hoogezand, NL"
26/01/2022,run,41.12,7.56,workout,58006,25,m,69.3,?
26/01/2022,run,51.24,12.9,workout,16080,22,f,55.1,"Nyahururu, KE"
01/26/2022,ride,1.22,32.02,workout,86588,28,f,60.0,"Port Huron, US"
27/01/2022,ride,1.16,32.91,workout,60057,22,f,54.3,"Losser, NL"
27/01/2022,ride,1.41,37.3,workout,41914,19,f,54.4,"Zeist, NL"
27/01/2022,run,58.62,6.85,race,68948,24,f,69.2,?
27/01/2022,run,44.27,6.28,workout,58041,23,f,62.7,?
27/01/2022,ride,1.25,35.26,workout,98609,28,m,70.5,"Zeist, NL"
27/01/2022,ride,1.31,35.44,workout,73342,22,f,59.8,?
27/01/2022,run,41.21,11.05,workout,88306,28,m,66.1,"Lodwar, KE"
27/01/2022,run,37.41,5.17,workout,16744,18,m,74.7,"Houthalen, BE"
27/01/2022,run,52.88,7.04,workout,64688,22,f,63.3,?
27/01/2022,run,44.83,10.76,workout,94694,23,f,57.6,"Nyahururu, KE"
27/01/2022,ride,1.51,38.29,workout,372,26,m,73.0,?
27/01/2022,run,32.01,6.46,workout,48211,17,m,67.1,"Temse, BE"
27/01/2022,run,47.65,10.54,workout,42534,25,m,65.7,"Temse, BE"
28/01/2022,run,49.98,9.74,workout,37692,17,f,61.7,"Nyahururu, KE"
28/01/2022,run,40.89,10.46,workout,49534,29,f,55.1,"Lodwar, KE"
28/01/2022,ride,1.35,35.08,workout,36230,28,f,61.7,?
28/01/2022,ride,1.58,43.8,workout,36230,28,f,61.7,?
28/01/2022,run,53.91,11.11,workout,45208,29,f,54.5,?
28/01/2022,run,46.92,6.45,workout,20259,28,m,77.7,"Busia, KE"
28/01/2022,run,50.59,7.1,workout,61065,16,f,64.7,"Nyahururu, KE"
28/01/2022,run,56.31,15.77,race,69563,26,f,56.3,"Nyahururu, KE"
28/01/2022,ride,0.99,33.89,workout,42767,20,m,73.4,"Hoogezand, NL"
28/01/2022,ride,0.95,21.11,workout,11053,23,f,59.8,"Vught, NL"
01/28/2022,run,57.49,8.8,workout,56422,28,m,72.9,"Gates-North Gates, US"
28/01/2022,ride,1.27,34.04,workout,60057,22,f,54.3,"Losser, NL"
28/01/2022,ride,1.0,26.62,workout,93860,16,f,62.9,?
28/01/2022,ride,0.84,22.17,workout,85974,20,f,61.9,"Hoogezand, NL"
28/01/2022,run,57.1,11.16,workout,49344,16,f,59.6,"Nyahururu, KE"
28/01/2022,ride,1.5,38.53,workout,85974,20,f,61.9,"Hoogezand, NL"
28/01/2022,run,58.32,16.74,workout,31545,26,f,53.0,"Lodwar, KE"
28/01/2022,ride,1.32,39.83,workout,60021,19,m,69.7,"Tongelre, NL"
28/01/2022,run,49.79,7.95,workout,372,26,m,73.0,?
28/01/2022,ride,1.21,29.53,workout,16744,18,m,74.7,"Houthalen, BE"
28/01/2022,run,47.02,8.08,workout,30252,16,m,74.5,"Lodwar, KE"
28/01/2022,run,39.07,5.99,workout,98471,26,m,75.7,"Nyahururu, KE"
01/28/2022,run,39.3,8.56,workout,20314,18,f,54.2,"Punta Gorda Isles, US"
28/01/2022,ride,1.15,26.77,workout,51748,33,f,47.7,"Hoogezand, NL"
28/01/2022,ride,1.67,40.29,workout,72652,20,f,65.6,"Oldenzaal, NL"
29/01/2022,run,36.13,8.0,race,37692,17,f,61.7,"Nyahururu, KE"
29/01/2022,run,34.67,4.83,workout,57700,40,m,77.0,"Lille, BE"
29/01/2022,ride,1.86,53.83,workout,73011,23,m,68.3,?
29/01/2022,ride,0.91,21.12,workout,86072,19,f,65.1,?
29/01/2022,run,47.69,6.52,workout,58224,16,m,77.5,"Nyahururu, KE"
29/01/2022,ride,1.55,40.65,workout,99720,16,f,56.7,?
29/01/2022,run,47.66,9.73,workout,99720,16,f,56.7,?
29/01/2022,ride,1.61,43.07,workout,96531,19,m,66.5,"Denderleeuw, BE"
29/01/2022,ride,1.81,60.25,workout,42767,20,m,73.4,"Hoogezand, NL"
29/01/2022,run,52.48,9.64,workout,30252,16,m,74.5,"Lodwar, KE"
29/01/2022,run,55.13,14.57,workout,88306,28,m,66.1,"Lodwar, KE"
29/01/2022,ride,1.5,41.39,workout,54130,16,f,60.1,"Losser, NL"
29/01/2022,ride,1.44,38.59,workout,44062,27,f,67.9,"Temse, BE"
29/01/2022,ride,1.69,49.43,workout,98609,28,m,70.5,"Zeist, NL"
29/01/2022,run,37.12,4.84,workout,70735,21,m,75.2,?
29/01/2022,ride,1.47,31.88,workout,85974,20,f,61.9,"Hoogezand, NL"
29/01/2022,run,42.95,9.85,workout,94694,23,f,57.6,"Nyahururu, KE"
01/29/2022,ride,1.16,31.29,workout,65938,25,f,56.1,"Westchester, US"
29/01/2022,run,57.85,12.21,workout,24238,49,f,55.6,"Mouscron, BE"
01/29/2022,ride,1.25,25.74,workout,86588,28,f,60.0,"Port Huron, US"
29/01/2022,run,47.58,9.91,workout,21170,27,f,60.0,"Nyahururu, KE"
29/01/2022,run,35.99,6.96,race,89110,29,f,57.5,"Beveren, BE"
29/01/2022,run,44.97,8.98,workout,95679,46,m,67.9,"Rixensart, BE"
29/01/2022,ride,1.28,42.86,workout,46172,44,m,55.6,?
29/01/2022,ride,1.38,49.28,workout,48817,26,m,69.3,"Temse, BE"
29/01/2022,ride,1.6,37.72,workout,73011,23,m,68.3,?
01/29/2022,run,14.98,1.95,workout,36431,24,f,66.7,"Porterville, US"
29/01/2022,ride,1.92,50.41,workout,29353,22,f,48.1,?
01/29/2022,ride,1.27,38.18,workout,38048,26,m,73.4,"Dumont, US"
29/01/2022,ride,1.44,37.77,workout,51748,33,f,47.7,"Hoogezand, NL"
29/01/2022,run,54.17,8.3,workout,36230,28,f,61.7,?
29/01/2022,ride,1.71,45.61,workout,85974,20,f,61.9,"Hoogezand, NL"
29/01/2022,ride,1.74,41.37,workout,35144,16,f,71.1,?
29/01/2022,run,36.79,5.59,workout,88898,25,m,75.4,"Lodwar, KE"
29/01/2022,run,51.28,7.14,workout,64688,22,f,63.3,?
29/01/2022,ride,2.06,45.77,workout,45208,29,f,54.5,?
30/01/2022,run,66.78,11.49,workout,80742,42,f,58.7,?
30/01/2022,ride,1.33,37.11,workout,95410,47,m,70.9,"Hardenberg, NL"
30/01/2022,ride,1.91,53.25,workout,80929,17,f,60.7,"Losser, NL"
30/01/2022,run,49.87,9.62,workout,21170,27,f,60.0,"Nyahururu, KE"
30/01/2022,ride,1.63,43.05,workout,34666,24,m,69.9,?
30/01/2022,run,43.55,8.34,workout,58006,25,m,69.3,?
01/30/2022,ride,1.61,44.48,workout,36431,24,f,66.7,"Porterville, US"
30/01/2022,ride,1.22,31.89,workout,34682,42,m,66.4,?
30/01/2022,ride,1.32,36.05,workout,98379,25,f,59.0,"Beveren, BE"
30/01/2022,run,56.57,13.93,workout,80370,32,m,63.5,?
30/01/2022,run,40.22,5.76,workout,39906,31,f,64.5,"Houthalen, BE"
30/01/2022,run,38.87,7.33,workout,37692,17,f,61.7,"Nyahururu, KE"
30/01/2022,run,37.07,5.07,workout,54976,27,m,78.2,"Lodwar, KE"
30/01/2022,run,71.68,9.88,workout,20259,28,m,77.7,"Busia, KE"
01/30/2022,run,40.84,7.92,workout,65938,25,f,56.1,"Westchester, US"
30/01/2022,run,53.81,7.52,workout,39906,31,f,64.5,"Houthalen, BE"
30/01/2022,run,42.26,5.32,workout,24587,25,f,65.4,?
30/01/2022,ride,1.27,44.05,workout,56556,31,m,72.7,"Mouscron, BE"
30/01/2022,ride,1.6,37.71,workout,72652,20,f,65.6,"Oldenzaal, NL"
30/01/2022,ride,1.82,52.13,workout,95410,47,m,70.9,"Hardenberg, NL"
30/01/2022,ride,1.8,45.48,workout,70187,19,m,75.4,?
30/01/2022,run,53.81,8.21,workout,88898,25,m,75.4,"Lodwar, KE"
30/01/2022,run,30.8,4.54,workout,19464,24,f,63.8,"Busia, KE"
30/01/2022,ride,2.04,57.23,workout,16129,27,m,75.5,"Culemborg, NL"
30/01/2022,ride,1.59,47.39,workout,80929,17,f,60.7,"Losser, NL"
31/01/2022,run,53.01,9.66,workout,71893,25,m,70.4,"Wevelgem, BE"
31/01/2022,ride,1.19,31.65,workout,24238,49,f,55.6,"Mouscron, BE"
31/01/2022,ride,1.58,36.94,workout,60057,22,f,54.3,"Losser, NL"
31/01/2022,run,43.32,7.07,workout,82189,29,f,60.4,?
31/01/2022,run,42.07,8.73,workout,48211,17,m,67.1,"Temse, BE"
31/01/2022,run,48.59,7.73,workout,88898,25,m,75.4,"Lodwar, KE"
31/01/2022,ride,0.84,27.16,workout,80742,42,f,58.7,?
31/01/2022,run,48.9,8.92,workout,31400,33,f,57.1,?
31/01/2022,ride,1.36,39.42,race,58006,25,m,69.3,?
31/01/2022,run,44.16,7.06,workout,56556,31,m,72.7,"Mouscron, BE"
31/01/2022,run,45.81,8.51,workout,98379,25,f,59.0,"Beveren, BE"
31/01/2022,run,59.73,15.47,workout,16080,22,f,55.1,"Nyahururu, KE"
31/01/2022,ride,1.59,43.85,workout,29353,22,f,48.1,?
31/01/2022,run,36.31,5.46,workout,1218,18,f,64.2,"Nyahururu, KE"
31/01/2022,run,38.36,10.32,workout,31545,26,f,53.0,"Lodwar, KE"
31/01/2022,ride,1.95,52.75,workout,42767,20,m,73.4,"Hoogezand, NL"
31/01/2022,ride,1.28,36.4,workout,24587,25,f,65.4,?
31/01/2022,run,30.19,4.12,workout,98471,26,m,75.7,"Nyahururu, KE"
31/01/2022,ride,1.19,34.37,workout,54130,16,f,60.1,"Losser, NL"
31/01/2022,ride,1.44,40.35,race,73342,22,f,59.8,?
31/01/2022,ride,1.45,39.34,workout,95410,47,m,70.9,"Hardenberg, NL"
31/01/2022,run,42.88,7.66,workout,31436,24,f,61.0,"Nyahururu, KE"
31/01/2022,run,36.62,9.55,workout,88306,28,m,66.1,"Lodwar, KE"
31/01/2022,ride,1.64,40.73,workout,56556,31,m,72.7,"Mouscron, BE"
01/02/2022,ride,1.15,26.76,workout,61784,29,f,68.0,"Vught, NL"
01/02/2022,run,44.07,5.6,workout,3574,17,f,66.3,?
01/02/2022,run,47.73,10.7,workout,94694,23,f,57.6,"Nyahururu, KE"
01/02/2022,run,45.9,8.75,workout,31436,24,f,61.0,"Nyahururu, KE"
02/02/2022,run,44.08,5.56,workout,90315,36,f,64.9,?
02/02/2022,ride,1.05,25.08,workout,56556,31,m,72.7,"Mouscron, BE"
02/02/2022,run,49.6,9.56,workout,30252,16,m,74.5,"Lodwar, KE"
03/02/2022,ride,1.86,57.58,workout,96531,19,m,66.5,"Denderleeuw, BE"
03/02/2022,ride,1.03,27.35,workout,70735,21,m,75.2,?
03/02/2022,ride,1.59,52.7,workout,16744,18,m,74.7,"Houthalen, BE"
03/02/2022,ride,1.91,51.07,workout,16129,27,m,75.5,"Culemborg, NL"
02/03/2022,ride,1.32,36.79,workout,38048,26,m,73.4,"Dumont, US"
03/02/2022,run,61.4,14.12,workout,69563,26,f,56.3,"Nyahururu, KE"
04/02/2022,ride,1.31,36.14,workout,98609,28,m,70.5,"Zeist, NL"
04/02/2022,ride,1.85,51.42,workout,48817,26,m,69.3,"Temse, BE"
04/02/2022,run,44.8,6.61,workout,372,26,m,73.0,?
04/02/2022,run,37.69,10.23,workout,31545,26,f,53.0,"Lodwar, KE"
04/02/2022,run,30.66,4.2,workout,16744,18,m,74.7,"Houthalen, BE"
05/02/2022,ride,1.19,33.65,workout,54295,17,m,81.6,?
05/02/2022,run,53.45,9.12,workout,30252,16,m,74.5,"Lodwar, KE"
05/02/2022,ride,1.58,48.96,workout,99618,22,m,74.3,?
05/02/2022,run,39.37,5.89,workout,58041,23,f,62.7,?
05/02/2022,ride,2.0,72.28,workout,70735,21,m,75.2,?
05/02/2022,run,43.95,5.81,workout,70187,19,m,75.4,?
05/02/2022,run,51.28,10.2,workout,31436,24,f,61.0,"Nyahururu, KE"
05/02/2022,run,51.48,11.17,race,36395,40,m,70.6,?
05/02/2022,run,49.37,9.59,workout,34682,42,m,66.4,?
05/02/2022,run,37.62,6.47,workout,12966,47,f,63.5,"Busia, KE"
05/02/2022,ride,1.43,39.6,workout,90315,36,f,64.9,?
02/05/2022,ride,1.34,30.67,workout,80572,49,m,75.4,"American Canyon, US"
05/02/2022,run,40.95,7.37,workout,97038,20,f,57.1,?
05/02/2022,ride,1.79,56.29,workout,73011,23,m,68.3,?
05/02/2022,run,54.55,9.51,workout,36395,40,m,70.6,?
02/05/2022,run,41.84,5.75,workout,36431,24,f,66.7,"Porterville, US"
05/02/2022,run,48.35,6.33,workout,90315,36,f,64.9,?
06/02/2022,ride,1.88,59.84,workout,12953,19,m,62.8,"Mouscron, BE"
06/02/2022,run,41.87,6.46,workout,93860,16,f,62.9,?
06/02/2022,ride,1.67,39.2,workout,42534,25,m,65.7,"Temse, BE"
06/02/2022,run,59.25,9.37,workout,86839,24,m,73.4,?
06/02/2022,ride,1.34,39.11,workout,34682,42,m,66.4,?
02/06/2022,run,23.98,4.77,workout,65938,25,f,56.1,"Westchester, US"
06/02/2022,ride,1.21,32.09,workout,40152,33,f,55.5,"Mouscron, BE"
06/02/2022,run,48.54,10.87,workout,80370,32,m,63.5,?
02/06/2022,run,46.96,8.88,workout,65938,25,f,56.1,"Westchester, US"
02/06/2022,run,35.73,4.63,workout,36431,24,f,66.7,"Porterville, US"
06/02/2022,run,45.06,7.55,workout,36230,28,f,61.7,?
02/06/2022,run,42.98,8.87,workout,39403,16,f,56.9,"Newburgh, US"
06/02/2022,ride,1.01,26.31,workout,61784,29,f,68.0,"Vught, NL"
06/02/2022,ride,1.85,50.82,workout,16744,18,m,74.7,"Houthalen, BE"
06/02/2022,run,44.08,11.55,workout,88306,28,m,66.1,"Lodwar, KE"
06/02/2022,run,47.86,6.77,workout,24587,25,f,65.4,?
06/02/2022,ride,1.44,43.85,workout,89110,29,f,57.5,"Beveren, BE"
07/02/2022,ride,1.92,34.26,workout,82189,29,f,60.4,?
07/02/2022,run,41.53,8.01,workout,97038,20,f,57.1,?
07/02/2022,ride,1.62,52.49,workout,95410,47,m,70.9,"Hardenberg, NL"
08/02/2022,run,39.41,8.94,workout,96531,19,m,66.5,"Denderleeuw, BE"
02/08/2022,ride,1.7,53.11,workout,80572,49,m,75.4,"American Canyon, US"
08/02/2022,ride,1.29,29.11,workout,80929,17,f,60.7,"Losser, NL"
08/02/2022,run,52.69,8.12,workout,1218,18,f,64.2,"Nyahururu, KE"
08/02/2022,ride,1.45,43.09,workout,34666,24,m,69.9,?
09/02/2022,run,36.24,7.97,workout,34682,42,m,66.4,?
09/02/2022,run,67.46,16.95,race,96531,19,m,66.5,"Denderleeuw, BE"
09/02/2022,run,40.85,7.91,workout,48211,17,m,67.1,"Temse, BE"
09/02/2022,run,31.22,7.46,workout,16080,22,f,55.1,"Nyahururu, KE"
02/09/2022,run,65.48,8.92,workout,80572,49,m,75.4,"American Canyon, US"
10/02/2022,run,34.0,4.55,workout,68948,24,f,69.2,?
10/02/2022,run,40.68,5.63,workout,86072,19,f,65.1,?
02/10/2022,ride,1.57,44.43,workout,80572,49,m,75.4,"American Canyon, US"
10/02/2022,run,43.16,6.69,workout,19464,24,f,63.8,"Busia, KE"
10/02/2022,ride,1.52,47.41,race,57700,40,m,77.0,"Lille, BE"
02/10/2022,ride,1.72,47.36,workout,65938,25,f,56.1,"Westchester, US"
11/02/2022,run,55.73,11.59,workout,48817,26,m,69.3,"Temse, BE"
02/11/2022,ride,0.98,30.37,workout,56422,28,m,72.9,"Gates-North Gates, US"
11/02/2022,run,48.59,12.68,workout,31545,26,f,53.0,"Lodwar, KE"
11/02/2022,run,50.4,7.2,workout,64688,22,f,63.3,?
11/02/2022,ride,1.11,26.97,workout,45208,29,f,54.5,?
12/02/2022,ride,1.8,43.37,workout,80929,17,f,60.7,"Losser, NL"
12/02/2022,ride,1.12,33.43,workout,16129,27,m,75.5,"Culemborg, NL"
12/02/2022,ride,1.6,52.09,workout,60021,19,m,69.7,"Tongelre, NL"
12/02/2022,run,46.76,6.87,workout,82189,29,f,60.4,?
02/12/2022,ride,2.05,58.03,race,38048,26,m,73.4,"Dumont, US"
12/02/2022,run,43.23,6.15,workout,58224,16,m,77.5,"Nyahururu, KE"
12/02/2022,run,42.57,6.0,workout,44062,27,f,67.9,"Temse, BE"
12/02/2022,run,51.86,9.31,workout,24238,49,f,55.6,"Mouscron, BE"
12/02/2022,run,37.42,5.33,race,70187,19,m,75.4,?
12/02/2022,ride,1.17,27.9,workout,79805,23,f,52.3,?
12/02/2022,ride,2.25,68.58,workout,71893,25,m,70.4,"Wevelgem, BE"
12/02/2022,ride,1.93,50.54,workout,98609,28,m,70.5,"Zeist, NL"
12/02/2022,run,45.62,9.35,workout,49344,16,f,59.6,"Nyahururu, KE"
12/02/2022,ride,1.66,42.79,race,72652,20,f,65.6,"Oldenzaal, NL"
12/02/2022,run,28.83,5.67,workout,71893,25,m,70.4,"Wevelgem, BE"
12/02/2022,run,54.35,14.09,workout,80370,32,m,63.5,?
12/02/2022,run,50.69,10.32,workout,99720,16,f,56.7,?
13/02/2022,run,58.12,11.33,workout,36395,40,m,70.6,?
13/02/2022,ride,1.68,42.52,workout,42534,25,m,65.7,"Temse, BE"
13/02/2022,run,44.26,7.28,workout,98471,26,m,75.7,"Nyahururu, KE"
13/02/2022,run,52.1,9.98,workout,37692,17,f,61.7,"Nyahururu, KE"
13/02/2022,run,45.07,6.41,workout,58224,16,m,77.5,"Nyahururu, KE"
13/02/2022,run,38.16,5.15,workout,70735,21,m,75.2,?
02/13/2022,ride,1.41,36.58,workout,39403,16,f,56.9,"Newburgh, US"
13/02/2022,run,26.04,4.53,workout,30252,16,m,74.5,"Lodwar, KE"
13/02/2022,run,31.08,3.92,workout,24587,25,f,65.4,?
13/02/2022,ride,1.9,55.55,workout,61784,29,f,68.0,"Vught, NL"
13/02/2022,run,48.58,6.26,workout,70187,19,m,75.4,?
13/02/2022,ride,1.11,29.03,workout,29353,22,f,48.1,?
13/02/2022,run,67.78,18.94,race,69563,26,f,56.3,"Nyahururu, KE"
13/02/2022,run,48.19,9.35,workout,24238,49,f,55.6,"Mouscron, BE"
13/02/2022,run,42.24,6.39,workout,98471,26,m,75.7,"Nyahururu, KE"
13/02/2022,ride,1.91,53.79,workout,44062,27,f,67.9,"Temse, BE"
13/02/2022,run,47.7,10.66,workout,69563,26,f,56.3,"Nyahururu, KE"
13/02/2022,ride,1.22,29.48,workout,58041,23,f,62.7,?
02/13/2022,run,46.58,10.46,workout,20314,18,f,54.2,"Punta Gorda Isles, US"
13/02/2022,ride,1.43,39.55,workout,80370,32,m,63.5,?
14/02/2022,ride,1.14,34.3,workout,14361,19,m,65.1,"Vught, NL"
14/02/2022,run,34.61,5.45,workout,71893,25,m,70.4,"Wevelgem, BE"
14/02/2022,run,35.06,7.68,workout,45208,29,f,54.5,?
14/02/2022,run,41.47,6.49,workout,20259,28,m,77.7,"Busia, KE"
15/02/2022,run,35.95,5.32,workout,64688,22,f,63.3,?
15/02/2022,ride,1.76,51.88,workout,42767,20,m,73.4,"Hoogezand, NL"
16/02/2022,run,38.47,7.38,workout,36395,40,m,70.6,?
16/02/2022,ride,1.25,31.27,workout,51748,33,f,47.7,"Hoogezand, NL"
17/02/2022,ride,1.3,39.0,race,60057,22,f,54.3,"Losser, NL"
17/02/2022,run,52.88,9.16,workout,97038,20,f,57.1,?
17/02/2022,run,48.17,6.33,workout,20259,28,m,77.7,"Busia, KE"
18/02/2022,ride,1.58,42.59,workout,98014,20,f,64.3,?
18/02/2022,ride,1.28,40.51,workout,98609,28,m,70.5,"Zeist, NL"
19/02/2022,run,50.32,6.86,workout,93860,16,f,62.9,?
19/02/2022,run,37.68,5.25,workout,70735,21,m,75.2,?
19/02/2022,ride,1.75,48.04,workout,42767,20,m,73.4,"Hoogezand, NL"
19/02/2022,run,39.57,7.27,workout,34666,24,m,69.9,?
19/02/2022,ride,1.56,37.7,workout,96531,19,m,66.5,"Denderleeuw, BE"
02/19/2022,run,50.44,11.09,workout,20314,18,f,54.2,"Punta Gorda Isles, US"
19/02/2022,run,37.63,5.85,workout,61065,16,f,64.7,"Nyahururu, KE"
19/02/2022,run,37.28,7.15,workout,71893,25,m,70.4,"Wevelgem, BE"
19/02/2022,run,29.14,5.8,workout,48211,17,m,67.1,"Temse, BE"
19/02/2022,ride,1.49,40.22,workout,36395,40,m,70.6,?
19/02/2022,run,49.0,6.33,workout,54976,27,m,78.2,"Lodwar, KE"
02/19/2022,run,43.99,5.81,workout,36431,24,f,66.7,"Porterville, US"
02/19/2022,ride,1.21,35.14,workout,39403,16,f,56.9,"Newburgh, US"
19/02/2022,run,28.99,4.8,race,61065,16,f,64.7,"Nyahururu, KE"
19/02/2022,run,42.03,6.01,workout,86072,19,f,65.1,?
19/02/2022,run,22.98,4.27,workout,37692,17,f,61.7,"Nyahururu, KE"
19/02/2022,ride,1.25,30.63,workout,90315,36,f,64.9,?
19/02/2022,ride,1.75,48.49,workout,85423,16,f,64.4,?
19/02/2022,ride,1.26,34.93,workout,72652,20,f,65.6,"Oldenzaal, NL"
19/02/2022,run,37.64,7.72,workout,21170,27,f,60.0,"Nyahururu, KE"
19/02/2022,run,42.09,8.96,workout,95679,46,m,67.9,"Rixensart, BE"
19/02/2022,ride,1.35,44.73,workout,60021,19,m,69.7,"Tongelre, NL"
19/02/2022,run,44.47,6.19,workout,54976,27,m,78.2,"Lodwar, KE"
20/02/2022,run,45.35,11.95,workout,80370,32,m,63.5,?
20/02/2022,ride,1.64,44.79,workout,16744,18,m,74.7,"Houthalen, BE"
20/02/2022,run,46.07,6.7,workout,1218,18,f,64.2,"Nyahururu, KE"
20/02/2022,run,41.15,5.31,workout,98014,20,f,64.3,?
20/02/2022,ride,1.49,42.97,workout,35144,16,f,71.1,?
20/02/2022,ride,1.7,52.3,workout,63589,28,m,72.3,"Barneveld, NL"
20/02/2022,run,54.72,15.58,workout,31545,26,f,53.0,"Lodwar, KE"
20/02/2022,ride,1.34,39.48,workout,3209,43,m,57.9,"Hardenberg, NL"
20/02/2022,run,61.12,9.7,race,99618,22,m,74.3,?
20/02/2022,ride,1.52,39.61,workout,93860,16,f,62.9,?
20/02/2022,ride,1.63,46.18,workout,70187,19,m,75.4,?
20/02/2022,ride,1.21,36.09,workout,63589,28,m,72.3,"Barneveld, NL"
20/02/2022,ride,1.25,28.88,workout,53697,28,f,55.6,?
02/20/2022,run,39.92,6.57,workout,56422,28,m,72.9,"Gates-North Gates, US"
20/02/2022,run,48.5,5.7,workout,58224,16,m,77.5,"Nyahururu, KE"
20/02/2022,run,49.18,7.96,workout,1218,18,f,64.2,"Nyahururu, KE"
20/02/2022,ride,1.64,43.38,workout,86839,24,m,73.4,?
20/02/2022,ride,1.82,60.72,workout,3209,43,m,57.9,"Hardenberg, NL"
20/02/2022,run,23.31,3.13,workout,3574,17,f,66.3,?
20/02/2022,ride,1.52,42.99,workout,80929,17,f,60.7,"Losser, NL"
20/02/2022,run,38.02,5.78,workout,1218,18,f,64.2,"Nyahururu, KE"
20/02/2022,run,47.99,8.95,workout,24238,49,f,55.6,"Mouscron, BE"
02/21/2022,run,57.61,11.35,workout,39403,16,f,56.9,"Newburgh, US"
21/02/2022,run,56.95,10.94,workout,58006,25,m,69.3,?
21/02/2022,ride,1.71,36.72,workout,85423,16,f,64.4,?
02/21/2022,run,52.06,8.14,workout,86588,28,f,60.0,"Port Huron, US"
21/02/2022,ride,1.15,34.37,race,60057,22,f,54.3,"Losser, NL"
02/22/2022,ride,1.92,55.85,race,56422,28,m,72.9,"Gates-North Gates, US"
22/02/2022,run,53.79,7.09,workout,39906,31,f,64.5,"Houthalen, BE"
22/02/2022,run,38.22,5.58,workout,70735,21,m,75.2,?
22/02/2022,ride,1.6,51.29,workout,14361,19,m,65.1,"Vught, NL"
23/02/2022,run,42.3,7.49,workout,80742,42,f,58.7,?
23/02/2022,run,62.81,13.6,workout,45208,29,f,54.5,?
23/02/2022,ride,2.29,42.09,workout,41914,19,f,54.4,"Zeist, NL"
23/02/2022,ride,1.65,54.0,workout,98609,28,m,70.5,"Zeist, NL"
23/02/2022,ride,1.47,32.14,workout,80929,17,f,60.7,"Losser, NL"
23/02/2022,run,49.6,10.3,workout,31400,33,f,57.1,?
23/02/2022,ride,1.34,43.13,workout,85974,20,f,61.9,"Hoogezand, NL"
23/02/2022,run,49.56,9.83,workout,96531,19,m,66.5,"Denderleeuw, BE"
23/02/2022,run,60.75,9.03,workout,86839,24,m,73.4,?
24/02/2022,run,47.35,9.28,workout,53697,28,f,55.6,?
24/02/2022,run,56.83,10.82,workout,21170,27,f,60.0,"Nyahururu, KE"
24/02/2022,ride,1.41,31.94,workout,72652,20,f,65.6,"Oldenzaal, NL"
24/02/2022,run,29.33,4.34,workout,61065,16,f,64.7,"Nyahururu, KE"
25/02/2022,ride,1.57,40.44,workout,97038,20,f,57.1,?
25/02/2022,ride,1.29,32.56,workout,11053,23,f,59.8,"Vught, NL"
25/02/2022,ride,1.32,29.68,workout,11053,23,f,59.8,"Vught, NL"
26/02/2022,ride,1.28,29.83,workout,36230,28,f,61.7,?
26/02/2022,ride,1.97,50.54,workout,35144,16,f,71.1,?
26/02/2022,ride,1.46,47.61,workout,29353,22,f,48.1,?
26/02/2022,run,36.97,9.0,race,94694,23,f,57.6,"Nyahururu, KE"
26/02/2022,ride,1.9,56.75,workout,82189,29,f,60.4,?
26/02/2022,run,26.89,5.45,workout,96531,19,m,66.5,"Denderleeuw, BE"
26/02/2022,run,38.62,5.19,workout,54976,27,m,78.2,"Lodwar, KE"
26/02/2022,run,50.26,7.02,workout,58224,16,m,77.5,"Nyahururu, KE"
26/02/2022,ride,1.6,52.22,workout,80370,32,m,63.5,?
26/02/2022,ride,1.12,23.64,workout,51748,33,f,47.7,"Hoogezand, NL"
02/26/2022,ride,0.84,21.24,workout,80572,49,m,75.4,"American Canyon, US"
02/26/2022,ride,1.26,35.46,workout,65938,25,f,56.1,"Westchester, US"
26/02/2022,ride,1.61,36.08,workout,95410,47,m,70.9,"Hardenberg, NL"
26/02/2022,ride,1.16,33.51,workout,40152,33,f,55.5,"Mouscron, BE"
26/02/2022,ride,1.82,60.82,workout,58006,25,m,69.3,?
26/02/2022,ride,1.34,39.38,race,39906,31,f,64.5,"Houthalen, BE"
26/02/2022,run,28.8,6.88,workout,42534,25,m,65.7,"Temse, BE"
26/02/2022,ride,1.49,49.58,workout,63589,28,m,72.3,"Barneveld, NL"
27/02/2022,ride,1.69,39.49,workout,61784,29,f,68.0,"Vught, NL"
02/27/2022,run,51.71,7.31,workout,17769,26,f,67.5,"Gainesville, US"
27/02/2022,run,52.95,7.36,workout,90315,36,f,64.9,?
27/02/2022,run,28.43,3.75,workout,70735,21,m,75.2,?
27/02/2022,ride,1.9,46.39,workout,24587,25,f,65.4,?
27/02/2022,run,60.56,7.58,workout,70735,21,m,75.2,?
27/02/2022,ride,1.49,30.68,workout,68948,24,f,69.2,?
27/02/2022,run,42.57,5.47,workout,70187,19,m,75.4,?
27/02/2022,run,48.85,7.04,workout,98471,26,m,75.7,"Nyahururu, KE"
02/27/2022,ride,1.42,42.35,race,80572,49,m,75.4,"American Canyon, US"
27/02/2022,ride,1.56,42.79,workout,56556,31,m,72.7,"Mouscron, BE"
27/02/2022,ride,1.28,41.38,workout,63589,28,m,72.3,"Barneveld, NL"
27/02/2022,run,56.04,6.43,workout,68948,24,f,69.2,?
27/02/2022,run,49.55,8.66,workout,71893,25,m,70.4,"Wevelgem, BE"
27/02/2022,run,40.8,7.55,workout,12966,47,f,63.5,"Busia, KE"
27/02/2022,ride,1.36,33.6,workout,93860,16,f,62.9,?
27/02/2022,run,42.22,9.61,workout,49534,29,f,55.1,"Lodwar, KE"
02/27/2022,ride,1.06,30.42,workout,65938,25,f,56.1,"Westchester, US"
27/02/2022,run,38.01,5.18,workout,44062,27,f,67.9,"Temse, BE"
27/02/2022,ride,1.51,52.86,workout,16744,18,m,74.7,"Houthalen, BE"
02/28/2022,ride,1.31,30.04,workout,36431,24,f,66.7,"Porterville, US"
28/02/2022,run,53.93,9.33,workout,73342,22,f,59.8,?
28/02/2022,run,47.27,11.65,workout,16080,22,f,55.1,"Nyahururu, KE"
28/02/2022,ride,1.49,43.07,workout,82189,29,f,60.4,?
28/02/2022,run,52.93,15.41,workout,46172,44,m,55.6,?
02/28/2022,ride,1.0,27.3,workout,80572,49,m,75.4,"American Canyon, US"
